player,position,team,age,games played,minutes per game,% of game,% of team plays,turnover per possession,attempted free throws,free throw %,2-point shots attempted,2-point field goal %,3-point shots attempted,3-point shot field goal %,true shooting %,points per game,rebounds per game,total rebound %,assists per game,assist %,steals per game,blocks per game,versatility index
Aaron Brooks,point guard,Chi,30,12,11,23,25.1,0.123,7,0.571,35,0.371,26,0.308,0.421,4.5,1.5,7.5,0.9,14.8,0.25,0.08,6.6
Al Horford,center,Atl,28,16,32.6,67.9,21.4,0.102,20,0.75,202,0.52,9,0.222,0.525,14.4,8.6,14.2,3.7,20.4,0.81,1.44,9.5
Alan Anderson,shooting guard,Bro,32,6,23.6,49.3,17.1,0.151,9,0.667,25,0.6,16,0.625,0.734,11,3.5,8,1.2,8.7,0.67,0.17,6.1
Al-Farouq Aminu,small forward,Dal,24,5,30,62.6,12.4,0.132,19,0.789,20,0.5,11,0.636,0.711,11.2,7.2,12.3,1.2,5.3,2,1.6,6.1
Allen Crabbe,shooting guard,Por,22,2,19.3,40.2,7.1,0.167,0,0,3,0.667,2,1,1,5,1.5,4.2,0.5,4.4,1,0.5,3.2
Amar'e Stoudemire,power forward,Dal,32,5,15,31.3,26,0.147,13,0.692,35,0.429,0,0,0.479,7.8,3.2,11,0.6,6,0.2,0.6,6.6
Amir Johnson,power forward,Tor,27,4,27.9,58.1,16.6,0.17,12,0.5,28,0.714,1,0,0.671,11.5,7,14.2,1,6.3,0.25,0.75,6.2
Andre Iguodala,shooting guard,Gol,31,21,30.2,63,15.1,0.066,65,0.415,89,0.584,82,0.354,0.546,10.4,4.5,8.1,3.6,18,1.24,0.33,7.3
Andrew Bogut,center,Gol,30,19,23.1,48.2,10.9,0.244,13,0.385,74,0.568,1,0,0.551,4.7,8.1,19,1.9,11.9,0.58,1.79,7.2
Anthony Davis,power forward,Nor,21,4,42.9,89.3,30.9,0.112,36,0.889,85,0.553,2,0,0.613,31.5,10.8,13.9,2,9.4,1.25,3,8.2
Aron Baynes,center,San,28,4,10,20.9,16,0.209,3,1,10,0.3,0,0,0.398,2.3,2.5,13.3,0.3,3.5,0,0,4.8
Arron Afflalo,shooting guard,Por,29,3,20,41.6,11.8,0.194,1,0,8,0.125,4,0.25,0.201,1.7,2.3,6.3,0.7,5,0,0,2.8
Austin Rivers,point guard,Lac,22,14,17.9,37.2,21.7,0.096,19,0.632,70,0.471,35,0.371,0.516,8.4,1.7,5,1.1,10.1,0.71,0.29,5.6
Avery Bradley,shooting guard,Bos,24,4,33.3,69.3,18.8,0.053,7,0.857,31,0.452,19,0.263,0.462,12.3,3.8,6.2,0.8,3.9,0.75,0,4
Beno Udrih,point guard,Mem,32,10,17.5,36.5,21.5,0.049,12,0.833,57,0.474,16,0.25,0.485,7.6,2,6.3,2.1,21.1,0.5,0,7.3
Blake Griffin,power forward,Lac,25,14,39.8,82.9,28.5,0.123,106,0.717,267,0.521,7,0.143,0.557,25.5,12.7,16.8,6.1,27.3,1,1,12.6
Bojan Bogdanovic,small forward,Bro,25,6,34.3,71.6,15.6,0.114,7,0.714,26,0.462,33,0.333,0.499,10.3,3.8,6,1.7,7.7,0.67,0.33,4.7
Boris Diaw,power forward,San,32,7,28.3,58.9,19.4,0.105,13,0.692,53,0.566,18,0.222,0.528,11.6,6.1,11.6,3.6,20.6,0.71,0.43,9
Bradley Beal,shooting guard,Was,21,10,41.8,87,26.7,0.103,59,0.831,137,0.423,63,0.365,0.518,23.4,5.5,7.1,4.6,19.1,1.6,0.7,8
Brandon Bass,power forward,Bos,29,4,21.5,44.7,14.3,0.109,10,0.6,20,0.35,0,0,0.41,5,2,5.1,2.5,18.1,0.25,0.75,5.4
Brook Lopez,center,Bro,26,6,38.9,81.1,21.7,0.054,40,0.825,87,0.494,0,0,0.569,19.8,9,12.5,0.8,3.8,0.67,2.17,5.4
Chandler Parsons,small forward,Dal,26,1,36.8,76.6,17.8,0.063,0,0,11,0.455,4,0,0.333,10,6,8.4,2,7.4,0,0,5.4
Charlie Villanueva,power forward,Dal,30,5,8.7,18.1,23.6,0,0,0,6,0.5,19,0.421,0.6,6,2.6,15.4,0.6,11.3,0.2,0.2,9.7
Chris Kaman,center,Por,32,3,12.4,25.7,14.2,0.262,1,1,8,0.5,0,0,0.533,3,4.7,20.4,1,13.8,0,0,7.8
Chris Paul,point guard,Lac,29,12,37.1,77.2,23.2,0.11,51,0.941,124,0.548,65,0.415,0.627,22.1,4.4,6.3,8.8,39.1,1.83,0.25,10.2
CJ McCollum,shooting guard,Por,23,5,33.2,69.2,21.7,0.076,13,0.769,44,0.477,23,0.478,0.584,17,4,6.5,0.4,2.4,1.2,0.2,3.6
Clint Capela,center,Hou,20,17,7.5,15.6,15.4,0.064,29,0.517,31,0.677,0,0,0.651,3.4,2.5,17.2,0.3,6.4,0.18,0.53,7.3
Corey Brewer,small forward,Hou,28,17,25.2,52.4,20.1,0.073,55,0.636,125,0.48,42,0.286,0.499,11.2,2.8,5.7,1.1,7.3,0.65,0.24,5.2
Cory Joseph,point guard,San,23,4,5.4,11.3,16.3,0.127,2,0.5,6,0.833,0,0,0.799,2.8,0.3,2.5,0,0,0,0.25,0
Courtney Lee,shooting guard,Mem,29,11,33.4,69.5,15.3,0.106,23,0.957,70,0.586,30,0.467,0.663,13.3,2.5,4.2,2.2,11,1.09,0,5
Damian Lillard,point guard,Por,24,5,40.2,83.8,27.8,0.098,32,0.781,65,0.523,31,0.161,0.491,21.6,4,5.4,4.6,22.8,0.4,0.6,7.3
Danny Green,shooting guard,San,27,7,29.1,60.6,15.1,0.073,6,0.667,21,0.429,40,0.3,0.456,8.3,3.1,5.8,2.1,10.8,1,1,5.2
Dante Cunningham,power forward,Nor,27,4,18.8,39.2,7.5,0,3,1,11,0.818,0,0,0.852,5.3,4.5,13.3,0.5,4.1,0.75,1,4.9
David Lee,power forward,Gol,31,13,8.2,17.1,20.4,0.041,15,0.533,40,0.4,0,0,0.429,3.1,2.6,17.4,0.6,11.8,0.23,0.15,8.2
DeAndre Jordan,center,Lac,26,14,34.5,71.8,15,0.102,157,0.427,81,0.716,0,0,0.61,13.1,13.4,20.4,1.1,4.8,1.14,2.36,6.7
DeMar DeRozan,shooting guard,Tor,25,4,39.7,82.6,27.6,0.103,17,0.824,72,0.403,8,0.375,0.463,20.3,6.3,8.9,5.8,26.6,1.5,0,9.1
DeMarre Carroll,small forward,Atl,28,16,34.9,72.7,17.1,0.071,41,0.78,105,0.543,72,0.403,0.597,14.6,6.1,9.3,2,9.5,1.13,0.31,6.4
Dennis Schroder,point guard,Atl,21,16,18.1,37.8,28.9,0.146,28,0.857,111,0.432,34,0.235,0.458,9,1.8,5.3,3.9,37.8,0.56,0,8.8
Deron Williams,point guard,Bro,30,6,32,66.7,21,0.182,7,0.857,43,0.372,26,0.423,0.493,11.8,6.2,10.4,5.5,28.6,1.33,0,9.2
Derrick Rose,point guard,Chi,26,12,37.8,78.7,29.1,0.131,39,0.897,169,0.414,66,0.348,0.484,20.3,4.8,7,6.5,33.5,1.17,0.5,9.1
Devin Harris,point guard,Dal,31,4,18.4,38.3,17.2,0.129,9,0.889,12,0.667,11,0,0.445,6,2,5.6,1,7.2,0.5,0,5
Dirk Nowitzki,power forward,Dal,36,5,36.2,75.4,24.1,0.094,28,0.929,67,0.507,17,0.235,0.55,21.2,10.2,14.5,2.4,10.1,0.4,0.4,8.9
Draymond Green,small forward,Gol,24,21,37.3,77.7,19.2,0.172,87,0.736,149,0.51,91,0.264,0.517,13.7,10.1,14.7,5.2,21.2,1.81,1.19,9.6
Drew Gooden,power forward,Was,33,10,17.8,37.1,20.1,0.173,13,0.769,35,0.314,26,0.462,0.51,6.8,5.5,16.8,0.8,7,0.2,1,7
Dwight Howard,center,Hou,29,17,33.8,70.4,21.3,0.13,165,0.412,182,0.577,0,0,0.546,16.4,14,21.5,1.2,5.9,1.35,2.29,7.7
Earl Clark,power forward,Bro,27,2,6.5,13.5,35.4,0,0,0,7,0,3,0.667,0.3,3,1,8.4,0,0,0.5,0,0
Eric Gordon,shooting guard,Nor,26,4,35.8,74.7,24.4,0.13,6,0.833,32,0.469,32,0.406,0.555,18.5,2.5,3.9,3.8,18.2,0.5,0.5,6.3
Ersan Ilyasova,power forward,Mil,27,6,23.7,49.4,22.3,0.071,10,0.7,38,0.395,23,0.217,0.398,8.7,3.8,8.6,0.5,3.9,0.83,0.5,4.3
Evan Turner,shooting guard,Bos,26,4,29.5,61.4,21.6,0.158,9,0.889,40,0.35,4,0.5,0.438,10.5,7.3,13.5,4.8,27.4,0.75,0,9.7
Festus Ezeli,center,Gol,25,20,9.2,19.1,18.3,0.161,29,0.552,50,0.54,0,0,0.558,3.5,3.1,18.4,0.3,5.1,0.05,0.5,6.4
Garrett Temple,shooting guard,Was,28,4,6.6,13.7,21.2,0.24,8,0.625,3,0.333,3,0,0.368,1.8,0.8,6.2,0.3,5.2,0.5,0,4.6
Giannis Antetokounmpo,shooting guard,Mil,20,6,33.5,69.7,20.6,0.119,23,0.739,70,0.371,1,0,0.425,11.5,7,11.1,2.7,14.3,0.5,1.5,7.2
Glen Davis,power forward,Lac,29,14,10.3,21.4,15.4,0.177,9,0.778,37,0.459,1,0,0.489,2.9,1.9,9.9,0.2,3,0.36,0.36,4
Greivis Vasquez,point guard,Tor,28,4,25.3,52.7,15.2,0.117,3,1,15,0.4,14,0.357,0.495,7.5,1.8,3.9,3,18.6,0.5,0,5.4
Harrison Barnes,small forward,Gol,22,21,32.4,67.6,15.6,0.093,34,0.735,138,0.478,62,0.355,0.519,10.6,5.2,8.8,1.6,7.4,0.81,0.52,5.5
Hedo Turkoglu,small forward,Lac,35,11,5,10.3,15.1,0.105,0,0,4,0.5,13,0.154,0.294,0.9,0.6,6.8,0.4,9.9,0.36,0.09,4.8
Iman Shumpert,shooting guard,Cle,24,20,34.8,72.4,12.7,0.067,40,0.75,71,0.366,93,0.355,0.498,9.1,4.9,7.8,1.2,5.3,1.25,0.8,4.3
Isaiah Thomas,point guard,Bos,25,4,29.8,62.2,30.7,0.171,32,0.969,36,0.417,18,0.167,0.514,17.5,3,5.5,7,40.9,0.75,0,9.6
J.R. Smith,shooting guard,Cle,29,18,31.1,64.8,18.6,0.065,20,0.7,64,0.5,142,0.359,0.538,12.8,4.7,8.4,1.2,7,0.94,0.56,5.4
Jae Crowder,small forward,Bos,24,4,25.1,52.3,17.7,0.126,13,0.769,19,0.632,10,0.3,0.619,10.8,5,10.9,2,13.9,1,0.75,7.6
Jamal Crawford,shooting guard,Lac,34,14,27.1,56.5,24.7,0.079,30,0.867,112,0.438,74,0.243,0.447,12.7,2.1,4.2,1.9,11.1,0.93,0.21,5.5
James Harden,shooting guard,Hou,25,17,37.4,77.9,29.5,0.171,178,0.916,187,0.471,107,0.383,0.62,27.2,5.7,7.9,7.5,35,1.65,0.41,11.2
James Johnson,power forward,Tor,27,2,6,12.4,32.6,0,6,0,6,0.333,0,0,0.231,2,1,9.5,0.5,14.5,0,0,6.7
James Jones,small forward,Cle,34,20,15.5,32.4,12.6,0.058,14,0.929,11,0.364,64,0.344,0.536,4.4,1.5,5.1,0.5,4.6,0.4,0.15,3.8
Jared Dudley,shooting guard,Mil,29,6,18.4,38.3,15.5,0.131,7,0.571,16,0.375,14,0.571,0.605,6.7,1.8,5.3,1.3,12.9,2,0.33,5.4
Jared Sullinger,power forward,Bos,22,4,20.1,41.8,25.6,0.109,7,0.571,29,0.621,9,0.333,0.596,12.3,7,19.1,0.3,2.7,0,0.75,5.9
Jarrett Jack,point guard,Bro,31,6,25.5,53.2,23.8,0.251,13,1,39,0.59,15,0.333,0.62,12.3,4.2,8.8,4.5,31.6,1.17,0.17,9.6
Jason Terry,shooting guard,Hou,37,17,28.7,59.7,13.8,0.124,16,0.813,52,0.538,82,0.354,0.553,9.2,2.2,4,2.8,14.9,0.88,0.12,5.4
Jeff Green,small forward,Mem,28,11,27.1,56.5,20.8,0.118,26,0.846,90,0.356,18,0.222,0.41,8.9,4.7,9.6,1.7,10.2,0.45,0.45,6.1
Jeff Teague,point guard,Atl,26,16,33,68.8,26.6,0.139,60,0.867,174,0.443,65,0.323,0.507,16.8,3.2,5.2,6.7,35.3,1.5,0.44,8.6
Jerryd Bayless,point guard,Mil,26,6,20,41.7,17.4,0.086,17,0.765,28,0.357,7,0.286,0.459,6.5,2.5,6.6,3,25.5,0.33,0.33,7.3
Jimmy Butler,shooting guard,Chi,25,12,42.2,87.9,23.9,0.079,72,0.819,141,0.468,72,0.389,0.562,22.9,5.6,7.3,3.2,14.1,2.42,0.75,7
JJ Redick,shooting guard,Lac,30,14,38.6,80.4,16.3,0.128,35,0.943,73,0.479,88,0.398,0.59,14.9,2.1,2.9,1.7,6.5,0.71,0.36,3.9
Joakim Noah,center,Chi,29,12,32.9,68.6,12.1,0.191,20,0.35,76,0.408,0,0,0.407,5.8,11,18.3,3.2,15,0.83,1.17,7.2
Joe Johnson,shooting guard,Bro,33,6,41.6,86.6,20.1,0.046,24,0.792,53,0.415,41,0.293,0.473,16.5,7.7,10,4.8,19.2,1.17,0,8.2
John Henson,center,Mil,24,6,25.4,53,17.1,0.189,14,0.357,40,0.6,1,0,0.562,8.8,8,16.7,0.7,4.9,0.83,1.67,5.8
John Jenkins,shooting guard,Atl,23,4,5.3,11.1,12.8,0,0,0,2,1,4,0.5,0.833,2.5,0.8,7.5,0,0,0,0,0
John Wall,point guard,Was,24,7,38.9,81.1,25.1,0.175,39,0.846,93,0.43,17,0.176,0.48,17.4,4.7,6.6,11.9,49.8,1.43,1.43,10.2
Johnny O'Bryant,power forward,Mil,21,1,12,25,30,0,0,0,8,0.375,0,0,0.375,6,3,13.3,0,0,0,0,0
Jonas Jerebko,power forward,Bos,27,4,17,35.4,12.4,0.159,2,0.5,11,0.455,4,0,0.346,2.8,3.5,11.3,0.3,2.3,0.5,0.25,3.4
Jonas Valanciunas,center,Tor,22,4,26.4,55.1,19.3,0.088,8,0.875,38,0.5,0,0,0.542,11.3,9.3,19.9,0.5,3.3,0.5,0.25,5.7
Jorge Gutierrez,point guard,Mil,26,1,12,25,7.5,0,0,0,2,0.5,0,0,0.5,2,1,4.4,1,13.8,0,0,4.2
Jose Juan Barea,point guard,Dal,30,5,30.7,64,19.6,0.19,6,0.833,41,0.512,16,0.25,0.495,11.8,4.8,8,7.4,34.2,0.8,0,9.8
Josh Smith,power forward,Hou,29,17,23.3,48.5,27.9,0.144,74,0.432,123,0.472,71,0.38,0.505,13.5,5.6,12.6,2.7,20.6,0.53,1,10.1
Jrue Holiday,point guard,Nor,24,3,18.2,37.9,21.6,0.194,4,1,15,0.4,4,0.25,0.458,6.3,1,3.1,4.3,37.1,0.67,0.33,6.6
Kawhi Leonard,small forward,San,23,7,35.8,74.5,25,0.108,35,0.771,83,0.494,26,0.423,0.571,20.3,7.4,11.1,2.6,12.4,1.14,0.57,8.2
Kelly Olynyk,center,Bos,23,4,13.3,27.7,15,0.224,2,0.5,7,0.571,6,0.5,0.648,4.5,1.3,5.1,0.5,6.3,0.5,0.5,4.3
Kent Bazemore,shooting guard,Atl,25,16,18.9,39.5,14.4,0.115,31,0.677,43,0.558,28,0.214,0.514,5.4,3.3,9.4,0.8,6.5,0.69,0.56,5.1
Kevin Love,power forward,Cle,26,4,26.7,55.6,23.5,0.108,19,0.737,20,0.4,21,0.429,0.577,14.3,7,14.4,2.5,16.9,0.25,0.5,9.4
Kevin Seraphin,center,Was,25,6,12,25,23.2,0.106,6,0.5,31,0.484,0,0,0.49,5.5,3.2,14.3,0.3,5,0.33,0.17,5.8
Khris Middleton,power forward,Mil,23,6,38.7,80.5,21,0.092,15,0.933,58,0.414,34,0.324,0.482,15.8,3.7,5,2,9.6,2.33,0.5,5.1
Kirk Hinrich,shooting guard,Chi,34,10,12.6,26.2,7.7,0.047,3,0.667,9,0.333,10,0.6,0.64,2.6,0.5,2.2,1.1,13.5,0.3,0.1,3.6
Klay Thompson,shooting guard,Gol,24,21,36.2,75.5,23.3,0.104,45,0.8,188,0.489,146,0.39,0.553,18.6,3.9,5.8,2.6,12.1,0.76,0.9,6.3
Kosta Koufos,center,Mem,25,11,11.6,24.1,12.3,0.029,5,0.6,31,0.548,0,0,0.557,3.4,3.5,16.9,0.4,5.1,0.36,0.55,5.8
Kris Humphries,power forward,Was,29,1,5.2,10.9,8.5,0,0,0,1,1,0,0,1,2,3,31.1,0,0,0,0,0
Kyle Korver,shooting guard,Atl,33,14,37.5,78.2,14,0.13,16,0.813,23,0.565,110,0.355,0.557,11.1,5,7.1,2.4,9.5,1.43,1.07,5.4
Kyle Lowry,point guard,Tor,28,4,32.8,68.4,25.3,0.163,11,0.727,34,0.382,23,0.217,0.396,12.3,5.5,9.5,4.8,23.7,1.25,0,8.4
Kyrie Irving,point guard,Cle,22,13,35.7,74.4,23,0.085,69,0.841,125,0.432,60,0.45,0.573,19,3.6,5.6,3.8,20,1.31,0.85,7.2
LaMarcus Aldridge,power forward,Por,29,5,41.7,86.9,29.9,0.059,36,0.889,101,0.337,11,0.273,0.426,21.8,11.2,14.5,1.8,8.3,0.4,2.4,7.3
Leandro Barbosa,shooting guard,Gol,32,21,10.9,22.7,21.5,0.109,22,0.818,65,0.477,23,0.348,0.532,5,1.3,6.4,0.9,12.8,0.29,0.05,6.6
LeBron James,small forward,Cle,30,20,42.2,88,37.6,0.117,167,0.731,434,0.465,110,0.227,0.487,30.1,11.3,14.7,8.5,45.2,1.65,1.05,13.5
Lester Hudson,shooting guard,Lac,30,7,5.4,11.2,19.5,0.176,0,0,7,0.571,7,0.286,0.5,2,0.1,1.4,1,28.2,0.29,0.14,4.3
Lou Williams,shooting guard,Tor,28,4,25.6,53.3,27.2,0.048,18,0.833,30,0.4,21,0.19,0.433,12.8,1.8,3.9,1.3,8.3,1.5,0,4.9
Manu Ginobili,shooting guard,San,37,7,18.7,39.1,22.9,0.209,23,0.783,21,0.333,22,0.364,0.527,8,3.4,9.8,4.6,36.3,0.57,0.86,10.7
Marc Gasol,center,Mem,30,11,37.8,78.7,25.8,0.068,88,0.852,178,0.399,2,0,0.496,19.7,10.3,15,4.5,20.6,0.91,1.73,10.3
Marcin Gortat,center,Was,30,10,30.7,64,16.2,0.142,24,0.667,86,0.628,0,0,0.642,12.4,8.8,15.5,2.2,12.1,0.6,1.1,8.1
Marco Belinelli,shooting guard,San,28,7,16.6,34.6,19.2,0.101,13,0.846,9,0.667,30,0.467,0.727,9.3,1.9,6,1.4,14,0.29,0,7
Marcus Smart,point guard,Bos,20,4,22.5,46.9,19.7,0.101,15,0.533,16,0.688,13,0.231,0.548,9.8,2.8,6.7,1.3,9.8,0.25,0.25,5.9
Markel Brown,shooting guard,Bro,23,2,5.1,10.7,35.2,0.254,2,1,3,0.667,2,0,0.51,3,1,10.6,0.5,17.9,0,0,9
Marreese Speights,power forward,Gol,27,10,6.7,13.9,35.3,0.076,15,0.6,42,0.333,0,0,0.381,3.7,2.1,17.1,0.4,10.4,0.4,0.3,8.7
Mason Plumlee,center,Bro,24,6,8.2,17.1,12.9,0.217,11,0.364,6,0.667,0,0,0.554,2,1.3,8.8,0.3,6.2,0.67,0.33,4.5
Matt Barnes,small forward,Lac,34,14,29.2,60.8,13.3,0.128,20,0.75,40,0.55,60,0.267,0.492,7.6,5.1,9.1,1.6,7.4,1.43,0.71,5.4
Matt Bonner,power forward,San,34,7,5.2,10.8,13.6,0.091,0,0,1,0,9,0.222,0.3,0.9,0.9,8.9,0.1,3.8,0,0.14,3.3
Matthew Dellavedova,shooting guard,Cle,24,20,24.8,51.8,16.9,0.189,32,0.781,60,0.383,76,0.316,0.476,7.2,2.1,4.5,2.7,17.3,0.45,0,5.6
Meyers Leonard,center,Por,22,5,21.3,44.3,10.7,0.121,2,0.5,8,0.5,13,0.769,0.891,7.8,6.6,16.8,1,8.3,0.4,0.4,7
Michael Carter-Williams,point guard,Mil,23,6,31.8,66.3,23.4,0.161,12,0.583,73,0.452,5,0,0.438,12.2,4.5,7.5,4.8,29.5,1.17,1,8.1
Mike Conley,point guard,Mem,27,8,30.4,63.3,22.6,0.1,28,0.821,63,0.492,33,0.303,0.531,14.4,1.1,2,5,28.6,1.38,0,5.7
Mike Dunleavy,small forward,Chi,34,12,32.4,67.5,13.1,0.135,19,0.947,32,0.5,56,0.482,0.68,10.9,4,6.8,2.6,13.1,0.83,0.42,6
Mike Miller,small forward,Cle,34,9,7.3,15.1,4.2,0.167,0,0,0,0,5,0.6,0.9,1,1.1,8.4,0,0,0.11,0.11,0
Mike Muscala,power forward,Atl,23,10,10.2,21.1,16.6,0.108,0,0,25,0.72,8,0.25,0.636,4.2,1.8,9.5,0.1,1.8,0.1,0.3,3.6
Mike Scott,power forward,Atl,26,11,15.6,32.5,16.9,0.11,4,1,29,0.586,26,0.154,0.44,4.5,4.2,14.4,0.5,4.6,0.45,0,5.4
Miles Plumlee,center,Mil,26,1,16.4,34.1,27.1,0.101,2,0.5,8,0.125,0,0,0.169,3,6,19.4,1,9.7,0,1,6.4
Mirza Teletovic,power forward,Bro,29,3,5.5,11.4,16.8,0.167,0,0,1,0,4,0,0,0,1.3,13.2,0,0,0.33,0,0
Monta Ellis,shooting guard,Dal,29,5,39.4,82.1,28.2,0.118,20,0.75,81,0.506,30,0.367,0.543,26,3.4,4.4,5.2,21.9,2,0.6,7.8
Nene,power forward,Was,32,10,25.7,53.5,17.3,0.14,23,0.478,76,0.447,0,0,0.459,7.9,6.6,13.9,1.5,9.2,0.9,0.3,6.7
Nick Calathes,shooting guard,Mem,25,9,14,29.2,17.9,0.202,8,0.375,23,0.261,13,0.462,0.418,3.7,1.8,7,1.8,19.5,1,0.11,6.5
Nick Johnson,shooting guard,Hou,22,9,5.4,11.3,19.1,0.179,3,1,10,0.3,7,0.143,0.328,1.3,0.4,4.2,0.4,11.8,0,0.11,4.4
Nicolas Batum,small forward,Por,26,5,41.7,86.9,19.3,0.137,13,0.769,31,0.355,39,0.333,0.469,14.2,8.6,11.1,5.2,21.5,0.2,0.2,8.2
Nikola Mirotic,power forward,Chi,23,11,14.9,31,23.1,0.097,20,0.8,36,0.361,30,0.233,0.421,5.7,2.7,10.1,0.8,9.2,0.55,0.55,6.2
Norris Cole,point guard,Nor,26,4,26.4,55.1,19.6,0.177,3,0.667,22,0.545,14,0.214,0.469,8.8,1.8,3.7,1.8,10.5,0,0.25,4.6
O.J. Mayo,shooting guard,Mil,27,6,26,54.1,19.7,0.132,12,1,35,0.343,19,0.316,0.455,9,3.3,6.8,3,20.2,1.17,0.17,6.9
Omer Asik,center,Nor,28,4,19.8,41.3,10.4,0.277,7,0.571,10,0.2,0,0,0.306,2,7.3,20.3,1.5,10.1,1.25,0,5.7
Otto Porter,small forward,Was,21,10,33.1,68.9,13.8,0.058,21,0.476,56,0.482,32,0.375,0.514,10,8,13.1,1.8,8.4,1.2,0.2,6.3
Pablo Prigioni,point guard,Hou,37,17,17.3,36,10.1,0.17,4,0.75,16,0.438,41,0.293,0.451,3.1,1.1,3.4,2.3,18.6,0.88,0,4.6
Patrick Patterson,power forward,Tor,25,4,26.5,55.2,13.5,0.094,4,1,12,0.667,15,0.467,0.713,10.3,3.5,7.5,1.3,7.8,0.75,0,5.4
Patty Mills,point guard,San,26,7,16,33.4,21.1,0.095,13,1,14,0.357,28,0.571,0.744,10.1,2.7,9,1.1,11.9,0.29,0,7.8
Pau Gasol,power forward,Chi,34,10,31.7,66,22.2,0.136,42,0.762,111,0.505,4,0,0.539,14.4,9.4,16.3,3.1,18.1,0.5,2.1,9.4
Paul Millsap,power forward,Atl,29,16,35.4,73.7,22.3,0.123,78,0.744,160,0.438,49,0.306,0.499,15.2,8.7,13.1,3.4,16,1.56,0.88,8.7
Paul Pierce,small forward,Was,37,10,29.8,62,17.5,0.085,20,0.85,36,0.417,63,0.524,0.677,14.6,4.2,7.7,0.9,5,0.6,0.7,5.1
Pero Antic,power forward,Atl,32,15,13.2,27.6,15.1,0.076,25,0.8,18,0.278,32,0.344,0.516,4.2,2.9,11.6,0.3,3,0.13,0.2,4.7
Quincy Pondexter,small forward,Nor,26,4,31.2,64.9,11.8,0.031,7,0.857,18,0.389,10,0.3,0.467,7.3,5,8.9,3,13.9,1.75,0,6.1
Rajon Rondo,point guard,Dal,28,2,18.6,38.8,24.2,0.091,0,0,18,0.444,2,0.5,0.475,9.5,1,2.8,3,25.8,0,0,6.6
Ramon Sessions,point guard,Was,28,10,21.8,45.4,18,0.113,19,0.684,45,0.356,25,0.4,0.479,7.5,2.4,6,2.3,16.2,0.4,0.1,6.3
Raymond Felton,point guard,Dal,30,3,12,25.1,18.5,0,3,1,11,0.364,4,0,0.337,3.7,2.3,10,1.3,14.6,0,0,7.4
Richard Jefferson,small forward,Dal,34,4,12.7,26.4,14.4,0.168,2,1,6,0.333,8,0.375,0.504,3.8,0.5,2,0.3,2.6,0.5,0,2.6
Robin Lopez,center,Por,26,5,23.4,48.8,9.2,0.213,8,1,15,0.6,0,0,0.702,5.2,4.4,10.1,0.6,4.1,0.2,1,4.1
Ryan Anderson,power forward,Nor,26,4,23.7,49.5,20.5,0.094,6,1,24,0.458,12,0.417,0.556,10.8,4.5,10.5,2.3,15.7,0,0.5,8.1
Shaun Livingston,point guard,Gol,29,21,17.8,37.2,13.3,0.189,25,0.84,78,0.538,1,0,0.583,5,2.4,7.4,1.8,15.1,0.38,0.24,6.3
Shelvin Mack,point guard,Atl,24,10,9.9,20.6,20.1,0.046,6,0.5,18,0.5,21,0.286,0.468,3.9,1.1,5.9,1,16.6,0.8,0,6.6
Spencer Hawes,power forward,Lac,26,8,7.1,14.7,14.5,0.053,2,1,11,0.545,6,0.5,0.643,2.9,1.6,12.1,0.6,13.4,0.25,0.38,7.9
Stephen Curry,point guard,Gol,26,21,39.3,81.9,31,0.143,115,0.835,207,0.493,232,0.422,0.607,28.3,5,6.9,6.3,29.7,1.86,0.14,9.8
Steve Blake,point guard,Por,34,5,8.5,17.8,14.9,0.144,2,1,3,0.333,8,0.125,0.295,1.4,0.2,1.3,1.6,28.9,0,0.2,3.6
Taj Gibson,power forward,Chi,29,12,23,48,15.9,0.114,30,0.7,72,0.472,0,0,0.522,7.4,5.5,13.1,1,7.3,0.33,1,6
Terrence Jones,power forward,Hou,23,17,23.6,49.1,20.7,0.08,54,0.667,140,0.457,19,0.158,0.473,10.2,4.8,10.5,1,6.9,0.47,0.71,6.2
Terrence Ross,small forward,Tor,23,4,26.7,55.5,13.1,0.065,0,0,11,0.455,18,0.333,0.483,7,1.5,3.2,1,5.8,0.75,1,3.3
Thaddeus Young,power forward,Bro,26,6,31.7,66.1,20.5,0.164,12,0.417,62,0.468,4,0,0.442,10.5,7.2,12.2,2.7,14.3,0.83,0.17,7.4
Tiago Splitter,center,San,30,7,17.6,36.7,14.3,0.178,19,0.316,24,0.375,0,0,0.371,3.4,4.4,13.4,1.3,10.2,0.57,0.14,6.1
Tim Duncan,power forward,San,38,7,35.7,74.4,20.1,0.063,34,0.559,89,0.596,1,0,0.595,17.9,11.1,16.6,3.3,16,1.29,1.43,9.7
Timofey Mozgov,center,Cle,28,20,26.4,55.1,18.9,0.168,81,0.79,148,0.5,0,0,0.577,10.6,7.3,15.2,0.7,4.3,0.4,1.8,5.7
Tony Allen,shooting guard,Mem,33,10,27.9,58.1,12.3,0.173,12,0.75,50,0.54,7,0.143,0.53,6.6,5.2,10.3,1.5,8.4,2.4,1.1,5.3
Tony Parker,point guard,San,32,7,30,62.5,23.4,0.1,17,0.588,82,0.402,9,0,0.386,10.9,3.3,5.8,3.6,18.9,0.29,0,6.7
Tony Snell,small forward,Chi,23,11,12.7,26.5,16.5,0.099,4,1,17,0.353,27,0.333,0.47,3.9,1.5,6.7,0.5,7,0,0.27,4.5
Trevor Ariza,small forward,Hou,29,17,38.5,80.3,13.8,0.102,42,0.905,80,0.488,96,0.375,0.576,13.2,6.4,8.6,2.6,10.1,1.76,0.12,6.3
Tristan Thompson,power forward,Cle,23,20,36.3,75.7,11.2,0.083,82,0.585,129,0.558,0,0,0.582,9.6,10.8,16.4,0.5,2,0.25,1.2,4.1
Tyler Ennis,point guard,Mil,20,1,16.4,34.1,24.7,0,0,0,4,0.25,5,0.2,0.278,5,4,12.9,3,32.4,0,0,9.5
Tyler Hansbrough,power forward,Tor,29,4,11.9,24.8,8.3,0.228,4,0.75,5,0.2,0,0,0.37,1.3,1.5,7.2,0.8,8.7,0.5,0.25,3.9
Tyler Zeller,center,Bos,25,4,22.4,46.7,17.5,0.114,5,0.8,29,0.517,0,0,0.545,8.5,4.5,11,0.5,4,0.5,0.25,4.8
Tyreke Evans,small forward,Nor,25,4,31.3,65.3,20.6,0.106,17,0.588,32,0.375,11,0.182,0.396,10,5,8.9,5,24.2,1.25,0.25,8.1
Tyson Chandler,center,Dal,32,5,32.1,66.9,11.6,0.11,26,0.5,29,0.655,0,0,0.631,10.2,10.8,17.3,0.2,0.8,0.6,1.2,3.5
Vince Carter,shooting guard,Mem,38,11,17.8,37.1,18.2,0.09,9,0.889,39,0.513,28,0.25,0.486,6.3,4.3,13.2,1,9.3,0.64,0.18,6.7
Will Bynum,shooting guard,Was,32,3,10.5,21.9,29.8,0.236,5,0.8,12,0.5,2,0.5,0.586,6.3,1,5.2,1,17.4,0.67,0.33,7
Zach Randolph,power forward,Mem,33,11,34.7,72.4,24.6,0.112,33,0.879,163,0.429,5,0.2,0.471,15.6,8.5,13.4,2.1,10.8,0.55,0,7.5
Zaza Pachulia,center,Mil,30,6,21.4,44.7,17.7,0.099,13,0.615,40,0.4,0,0,0.437,6.7,6.7,16.5,1.5,12.4,1.67,0.5,7
